,contract_name
0,Ownable
4,Context
5,Token
17,BasicToken
28,UnboundedRegularToken

31,StandardToken
37,Pausable
47,Owned
80,ERC20
162,ERC721
238,BurnableToken
358,owned
473,CsfERC20
487,MintableToken
489,ERC20Detailed
515,CappedCrowdsale
558,ERC20Burnable
716,ERC165
814,Claimable
966,PausableToken
973,TokenERC20
1092,BlackList
1099,BaseLogic
1108,AccountStorage
1115,Account
1169,ERC20Mintable
1444,EmergencySafe
1448,Upgradeable
1451,IXTPaymentContract
1482,ERC677Token
1484,AbstractToken
1695,Creation
1725,OwnableProxy
1731,SupportsInterfaceWithLookup
2047,SingularityNetToken
2058,RBAC
2062,Crowdsale
2321,TAO
2325,Name
2326,TheAO
2328,TAOCurrency
2475,UnlimitedAllowanceToken
2482,OpportyToken
2491,StockMintToken
2494,RepaymentToken
2531,TokenRecipient
2533,OwnedUpgradeabilityStorage
2537,Proxy
2538,OwnedUpgradeabilityProxy
2697,TokenClaimer
2790,TokenIOStorage
2862,SafeMath
2907,AdminAuth
3218,HasTokenURI
3510,CappedToken
3770,ERC827Token
3820,Validator
3904,MyAdvancedToken
4000,StandardBurnableToken
4041,ERC1155
4061,Destructible
4198,StakingRewardsFactory
4201,AccountLevels
4252,DSTokenBase
4466,Initializable
4689,ContextUpgradeSafe
4690,OwnableUpgradeSafe
4900,TokenTransferProxy
4912,CrowdsaleToken
4956,HasNoEther
5094,RxEALTokenContract
5127,DividendToken
5134,CappedDividendToken
5135,PausableDividendToken
5286,usingOraclize
5313,DSAuth
5334,BaseModule
5338,RelayerModule
5349,ModuleRegistry
5359,BaseWallet
5374,PermissionGroups
5376,Withdrawable
5580,TimedCrowdsale
5613,ERC20Capped
5629,ERC721BasicToken
5743,ERC721Enumerable
5755,ERC721Metadata
5778,TokenDestructible
5875,FinalizableCrowdsale
5878,PostDeliveryCrowdsale
5881,TokenTimelock
5888,AddressList
5889,HasNoContracts
5897,TokenVesting
5902,TokenVault
5984,Whitelist
6026,Escrow
6064,IOwned
6110,FreezableToken
6120,FreezableMintableToken
6167,CheckContract
6172,TellorCaller
6173,LiquityBase
6339,Mintable
6432,ERC1967Proxy
6587,CanReclaimToken
6589,HasNoTokens
6673,OwnerPausable
6702,ERC721Common
6817,TokenHolder
7326,Epoch
7450,WhitelistedCrowdsale
7505,AccessControl
7995,ERC721Token
8010,CryptoSagaCardSwap
8145,PullPayment
8210,KHToken_StandardToken
8241,HasContractURI
8617,Recoverable
8620,UpgradeAgent
8655,RefundableCrowdsale
8699,StakingRewards
8770,KHToken_StandardToken_U
8906,ELHeroToken
9510,TokenContract
9802,PaymentSplitter
9950,TokenPriceProvider
9973,Cat
9994,ERC20Pausable
10472,DAOToken
10474,Reputation
10477,Avatar
10580,ComptrollerErrorReporter
10590,InitializableModuleKeys
10591,InitializableModule
10601,InitializableGovernableWhitelist
10684,ERC721A
10710,RBACMixin
10960,Utils
11075,CarefulMath
11080,Exponential
11579,ETToken
11621,Controlled
11722,ERC721Burnable
12453,GuardianStorage
13076,License
13085,ArbitrationLicense
13099,MessageSigned
13102,SecuredFunctions
13103,Stakable
13105,MetadataStore
13281,DividendDistributor
13301,Ownership
13303,TransferableOwnership
13360,OnlyOwner
13473,AOIonInterface
13656,cVault
13772,Contactable
13793,GroupsAccessManager
13805,PendingManager
13822,ATxAssetProxy
14261,Arbitrator
14310,TokenLock
14429,ERC1155MintBurn
14592,IERC20Token
14755,ERC20Token
14761,SmartToken
14782,TimeLockToken
14934,Haltable
14945,ReleasableToken
14951,UpgradeableToken
14958,LostAndFoundToken
14964,TokenTranchePricing
14999,ERC721MetadataMintable
15080,ERC20UpgradeSafe
15172,LogicBase
15176,ClockAuction
15684,ERC223Token
15766,TwoStepOwnable
15831,CanDelegate
15833,StandardDelegate
15834,TrueUSD
15919,ERC20PresetMinterPauser
16365,CrowdfundableToken
16368,Minter
16738,Governable
16835,TheLiquidToken
16931,Authorizable
16985,BEP20
17126,DiceGameToken
17163,SelfDestructible
17172,TransferController
17173,TransferControllerManager
17205,CareerChainToken
17640,SupportsInterface
17873,CommonModifiers
18107,TokenObserver
18108,TokenRetriever
18375,multiowned
18513,UniswapV2Router02
18772,AllowanceCrowdsale
18902,Ambi2Enabled
18903,Ambi2EnabledFull
18912,TransparentUpgradeableProxy
19017,ERC20Recoverable
19019,ERC721Recoverable
19023,T2
19336,CryptoVideoGames
19551,AhooleeToken
19567,NFToken
19585,NFTokenMetadata
19723,ENSConsumer
19731,OwnerManagable
19736,BaseENSManager
19764,ALDToken
19939,PayableOwnable
20223,WanFarmErrorReporter
20225,UniFarm
20320,GasBackFuel
20324,BasicAsset
20360,MultiSigAdapter
20361,ATxAsset
20911,HongkongCityToken
20956,BControllerErrorReporter
20958,TokenErrorReporter
20983,BToken
21104,DSMath
21345,RBACMintableTokenMixin
21347,ERC223Mixin
21348,RBACERC223TokenFinalization
21378,MintableTokenExt
21384,CrowdsaleTokenExt
21388,MjtToken
21595,MintedCrowdsale
21713,ERC721Holder
21927,DSToken
22099,ResolverClient
22102,DaoWhitelistingCommon
22103,DaoCommonMini
22113,DaoCommon
22139,WarToken
22692,ETHSteps
22708,NewToken
22927,BurnablePausableERC20Token
23163,IncreasingPriceCrowdsale
23217,EIP712Base
23257,SafeBasicToken
23259,SafeStandardToken
23569,CutiePluginBase
23751,AirDrop
24068,ERC20I
24164,WhitelistedPausableToken
24258,ERC721Base
24268,NamiMultiSigWallet
24475,Admin
24714,ERC20Shifted
24716,Shifter
24729,DEXReserve
25105,Arzdigital
25256,Template
25360,GebAuth
25512,CompoundSubscriptions
25521,DefisaverLogger
25752,SecurityStore
25844,MultiOwnable
25851,Presale
26728,Spawner
26738,EventMetadata
26739,Operated
26742,Factory
26786,UpgradeabilityProxy
26790,AdminUpgradeabilityProxy
26866,GBT
27112,CATServicePaymentCollector
27221,TokenRecover
28100,LibMath
28106,LibEIP712
28107,LibOrder
28109,LibFillResults
28110,LibAbiEncoder
28488,MultiEventsHistoryAdapter
28725,ISwapToken
29052,TokenState
29143,Lockable
29168,Main
29590,BasicERC20
29593,CrowdsaleCompatible
29595,EditableToken
29631,IsContract
29632,ACL
29638,TimeHelpers
29642,CourtClock
29659,CourtConfig
29668,Controller
29712,ConfigConsumer
29752,EtherPaymentFallback
29753,ModuleManager
29757,OwnerManager
29763,MasterCopy
29764,MixinWethUtils
29769,MixinExchangeWrapper
29779,MixinReceiver
29805,EternalStorage
29889,CSCToken
29961,ZCrowdsale
29970,ZebiCoinTempMgr
30847,ERC1155Metadata
30975,ProxyRegistry
30985,AuthenticatedProxy
31317,I_coin
32098,InitializableUpgradeabilityProxy
32114,Voice
32736,AssetID
32744,Manageable
32754,BytecodeExecutor
32755,CrydrControllerBlockable
32893,CustomPausable
32895,TransferState
32897,Reclaimable
33015,PricingStrategy
33018,CrowdsaleExt
33036,MintedTokenCappedCrowdsaleExt
33097,PausableCrowdsale
33110,AdvanceCrowdsale
33623,OnlyOwnerModule
33746,ReclaimTokens
33747,PolymathRegistry
33806,EmeraldToken
33827,ExchangeRate
33832,SmartCoinFerma
33835,HoldersList
33861,TToken
33967,EjectableOwnable
33968,JointOwnable
34166,Administrable
34185,BundableToken
34559,ParsecTokenERC20
34690,CardProto
34715,DividendPayingToken
34785,Counter
34958,token
34973,Base
34994,Escapable
35042,Standard223Receiver
35329,PresaleContract
35442,State
35549,Standard677Token
35639,IncreasingTreasuryReimbursement
35969,ThinkCoin
36345,Gifto
36434,Servable
36732,ContractableToken
36994,UFragments
37006,UFragmentsPolicy
37376,KyberNetwork
37409,xTHOUtoken
37453,ERC777
37599,Secondary
37642,HumanStandardToken
37654,MigratableToken
38013,PoolSetters
38022,ERC223TokenCompatible
38029,Startable
38031,BurnToken
38034,OriginToken
38211,StrategyConvexAlUsd
38385,JakartaCityToken
38564,TokenTransferDelegate
38783,Managed
38788,SmartTokenController
38859,USDT
39561,SushiToken
39660,LockingContract
39729,Cascading
39734,SafeWinner
39737,Raffle
39757,CountBasedRaffle
40069,MainframeToken
40248,DividendPayoutToken
40251,HicsToken
40317,ERCAddressFrozenFund
40548,StockholmCityToken
40911,Support
41128,Configuration
41181,Configurable
41182,AuthorizableServable
41190,WalletLocker
41206,WalletLockable
41208,PaymentHasher
41210,PaymentHashable
41211,SignerManager
41217,SignerManageable
41231,Validatable
41232,AccrualBeneficiary
41237,TransferControllerManageable
41239,SecurityBond
41259,SecurityBondable
41260,FraudChallenge
41273,FraudChallengable
41583,LimitedTransferToken
41708,NamiCrowdSale
41898,RefundEscrow
42291,UpgradableProxy
42452,StakingTokenWrapper
42457,RewardsDistributionRecipient
42495,FlipToken
42714,BTA
42916,Bank
42934,GameWave
42939,Sale
43028,Module
43149,AALMToken
43166,CanReclaimTokens
43327,PAIReceipt
43506,Functions
43543,RelayerModuleV2
43631,SnailToken
43659,Ballot
43962,CardPackThree
43963,FirstPheonix
43964,PresalePackThree
44037,Crowdsaleable
44323,DRCT_Token
44638,MainCrowdsale
44683,LnAccessControl
44686,LnLinearStaking
44688,MultiSigForTransferFunds
45560,PauseBurnableERC827Token
45759,AssetProxyInterface
45771,BWService
45779,BWData
45953,ErrorReporter
46018,TwoPhaseToken
46189,OwnableMintable
46235,TrustWallet
46310,StdToken
46329,NucleusVisionToken
46552,LockToken
46640,FLOKI
46884,Superuser
47031,TransferRole
47086,GXVCToken
47502,YieldXToken
47522,AffiliateTreeStore
47757,FAMEToken
47761,Oracle
47897,Burnable
48006,MyWishToken
48017,MyWishCrowdsale
48130,admined
48192,Destroyable
48797,LockSlots
48899,Banable
48903,JuraToken
48941,Freezeable
48944,FreezeableToken
49239,TransferHelper
49331,PiranhasToken
49344,PiranhasGame
49399,RefundVault
49516,StrikersPlayerList
49518,StrikersChecklist
49699,Arbitrable
50033,InvestorsList
50228,CryptoCareToken
50365,LimitManager
50377,BaseTransfer
50517,PlatinTGE
50529,HoldersToken
50535,PlatinToken
51144,DeconetPaymentsSplitting
51400,PoolAllocations
51410,BlockvToken
51534,TokyoCityToken
51650,RegulatorStorage
51660,Regulator
51676,PermissionedTokenProxy
51857,PlatinPool
52109,ApprovedBurnableToken
52126,UnlockedAfterMintingToken
52133,ZakemFansCrowdsale
52434,YAMGovernanceToken
52439,YAMToken
52459,YAMLogic3
52460,YAMDelegate3
52463,VestingPool
52585,OracleBase
52846,CardPackFour
53001,BalanceTracker
53304,ControlledRecoverable
53632,StandardTokenExt
53649,ReadOnlyTokenImpl
53651,TokenImpl
53655,OwnableImpl
54070,TokenBase
54113,UpgradeableProxy
54117,ProxyAdmin
55058,DeferredKyc
55096,SleepToken
55102,SleepVesting
55291,FlipCrowdsale
55299,PreSale
55591,DmlToken
55629,InvestorWhiteList
55884,MineableToken
55923,VariableSupplyToken
56406,GenericCrowdsale
56603,AOETH
56618,AOIon
56656,Pathos
56657,Ethos
56673,Z_BasicToken
56675,Z_StandardToken
56681,Z_Ownable
57070,PausableOperators
57173,AidCoinPresale
57199,MD
57857,ElementeumToken
57880,OnigiriToken
58042,Callable
58054,AccessControlled
58057,TokenMetadata
58059,Math
58070,EtherToken
59044,ETHHelper
59053,IRBPreRefundVault
59141,IGI
59265,KimbapToken
59604,CheckpointStorage
59843,KinguinKrowns
59878,LifToken
60043,ForwarderContract
60164,AuthenticationManager
60330,RegularToken
60929,CarbonDollarStorage
60973,CarbonDollarRegulator
60975,CarbonDollarProxy
60999,DSExec
61262,BaseToken
62062,BytesToTypes
62063,Members
62250,MOAR
62531,RBACWithAdmin
62537,Boardroom
62704,ADR_Token
62705,ADR_MasterChef
63036,Stoppable
63230,BakedJiaoziToken
63469,IndexConsumer
63567,NEST_NodeSave
63570,NEST_NodeAssignment
63576,SuperMan
63868,AccessDeposit
63870,AccessDeploy
63872,AccessMint
63874,Gold
63875,CryptoSagaCard
63878,CryptoSagaHero
64114,XmonetaToken
64225,CustomAdmin
64239,BulkTransfer
64541,BlockchainToken
64653,MoscowCityToken
64762,MilestonePricing
65078,ModulumToken
65105,SPXToken
65144,TripioRoomNightData
65232,NoMintERC721
65250,NoMintERC721Enumerable
65262,OveridableERC721Metadata
65268,GunPreOrder
65278,GunFactory
65432,CommonToken
65530,MintableTokenImpl
65852,DebitableToken
65952,SellableToken
66039,SuperOwners
66094,HyFiToken
66189,VotesToken
66241,Exchange
66280,DappToken
66707,AugmintToken
66714,SystemAccount
67110,ColuLocalNetwork
67336,WhiteListedContracts
67367,VersionedInitializable
67378,BaseUpgradeabilityProxy
67381,BaseAdminUpgradeabilityProxy
67392,InitializableAdminUpgradeabilityProxy
67393,LendingPoolAddressesProvider
67409,LendingPoolParametersProvider
67413,LendingPoolDataProvider
67420,AToken
67703,TokenUpgrader
68057,UpgradeabilityStorage
68217,LockableToken
68218,DelayLockableToken
68332,DASToken
68421,GlobalCryptoFund
69120,DyDxFlashLoan
69358,Blacklisted
69452,IndividualCappedCrowdsale
69518,Peculium
69668,PPTokenController
69750,NRXtoken
69785,YRXToken
69842,BouleToken
69843,MultiSigWallet
69964,Ectoplasma
69965,BooBank
69971,MrBanker
70253,safeSend
70254,hasAdmins
70256,permissioned
70718,SolaToken
70762,Checkable
71330,DNNToken
71366,EVOAIToken
71436,BZxOwnable
71626,ERC1155Base
71810,PictosisGenesisToken
72051,TokenRegistry
72061,InitializablePausable
72064,SavingAccount
72076,Accounts
72178,Multivest
72318,IcoPhaseManagement
72325,SmartInvestmentFundToken
72619,TaylorToken
72645,DesToken
72750,Benefactor
72794,BalanceTrackable
72828,CommunityVote
72833,CommunityVotable
72835,AccrualBenefactor
72839,RevenueFund
72853,NullSettlementChallengeState
72878,DriipSettlementChallengeState
72908,HoldBountyAddress
72909,HoldAdvisorsAddress
72910,HoldAdditionalAddress
72986,DataWalletToken
73104,CompoundMonitorProxy
73366,ModuleFactory
73395,UpgradableModuleFactory
73403,ModuleStorage
73584,PolyToken
74067,EthereumClaimsRegistry
74077,DSPXToken
74089,PLS
74134,Restrictable
74321,FinalizableToken
74884,RLC
75218,SelfPayToken
75437,IModuleFactory
75442,IModule
75449,Util
75500,HoldPresaleContract
75765,Timelock
75938,Dog
76233,ONXToken
76675,SquidToken
76705,XNGToken
76798,TetherToken
77305,Logos
77456,ProxyFactory
77734,OperationalControl
78103,NoMintRewardPool
78266,iCollateralVault
78287,ROCKETToken
78385,Multiowned
78397,AlphaMarketCoin
78664,Wallet
78876,TimeLockedWallet
78879,TimeLockedWalletFactory
79312,BaseERC20Token
79431,DigitalPrintImage
79536,WtrxERC20
79617,Administratable
79640,FundsDistributionToken
79648,SimpleRestrictedFDT
79799,MarginlessToken
79899,KratosToken
80056,developed
80204,LatiumX
80241,AdvancedToken
80361,PlatinICO
80464,DeflationaryERC20
80664,BatToken
80976,OwnerContract
81036,DssCdpManager
81047,BCdpManager
81060,ScoringMachine
81062,JarConnector
81428,Liquidity
81451,BurgerToken
81531,OpsManaged
81533,SimpleToken
81537,Trustee
81773,DSGroup
81799,Boost
81840,HIONToken
81975,IndividuallyCappedCrowdsale
82054,MRAToken
82150,CoFiToken
82193,InterestEarnedAccount
82458,DelayedClaimable
82558,ABChainRTBtoken
82574,TKRToken
82901,AbstractVirtualToken
83008,AaveSubscriptions
83017,AaveSubscriptionsV2
83075,Genetic
83077,Usernames
83158,Cappasity
83462,LMDA
83464,ERC20CoreBase
83835,WhitelistedTokenRegulator
84159,CostumeToken
84168,RaidenToken
84320,AdditionalToken
84338,FRUIT
84371,Salvageable
84648,Allocatable
84649,EthTranchePricing
85028,FlexPaymentDivider
85077,standardToken
85135,SecretRegistry
85138,TokenNetwork
85380,BasicBeowulf
85393,Beowulf
85400,KYCCrowdsale
85654,ServiceController
85687,DataController
85747,IndividualLockableToken
85848,SolidToken
85924,Administrator
86234,MultiOwned
86240,Observable
86254,ManagedToken
86334,HardCap
86602,RaceToken
86787,GSNRecipient
86906,Blacklist
86922,ChangeCoin
87075,RenExTokens
87201,ERC20BUL
87562,EIP20
87754,LnSimpleStaking
87827,TokenChanger
87976,CapetownCityToken
88017,VoteTimesStorage
88020,PolicyGroup
88052,VernamCrowdSaleToken
88270,BasicERC223
88380,MyToken
88633,PlazmaGun
88754,ABDKMathQuad
88843,Multiownable
88875,MultiRole
88890,Finder
89119,Metadata
89123,MultiHashWrapper
89127,ProofHash
89130,Post
89217,CryptantCrabNFT
89253,MixinAssetProxyDispatcher
89256,MixinAuthorizable
89275,HxERC20
89311,NebulaToken
89460,AugmintReserves
89462,MonetarySupervisor
89542,IcecreamToken
89608,PozBenefit
89610,MainCoinManager
89611,Pools
89612,PoolsData
89616,InvestorData
89617,ThePoolz
89764,T1
89824,DeneumToken
89999,ERC1155Tradable
90620,NamedContract
90631,SwipeRegistry
90672,End
90675,BaseSKOToken
90688,SKOToken
90723,PublicResolver
91344,EnsRegistry
91381,EverGold
91573,Relay
91689,TradeableToken
92002,StorageEnabled
92011,Power
92118,AllowanceSetter
92370,Whitelistable
92484,Marketplace
92706,NOIAToken
92732,Beyzat
92846,MultiownedControlled
92849,FundsRegistry
92859,CirculatingToken
92871,Deadline
92876,Countdown
92881,BurnNMR
92883,Staking
92884,Griefing
93189,CloneableProxy
93568,MilkyWayToken
93622,InitializableAbstractIntegration
94208,CynToken
94254,RepublicToken
94255,SettlementRegistry
94282,BancorGasPriceLimit
94354,GrowDeFiToken
94394,TuurntToken
94559,ValidatorManagerContract
94582,ERC20Gateway
94689,STAB
94820,ufoodoToken
94851,DANACHO
94881,PresaleSecond
94952,IndividualCapCrowdsale
94965,ClockAuctionBase
95230,LamdenTau
95587,OwnershipRole
95654,OwnerBase
96330,NotBaseToken
96680,OwnedProxy
96988,Common
97004,ERC20Upgradeable
97237,JoysToken
97387,PuddleToken
97499,SVLightBallotBox
97601,RewardPoolDelegator
97880,ICrowdsaleProcessor
97886,LetItPlayToken
98112,Telcoin
98263,Abilitable
98354,SecuredWithRoles
98459,BigmacToken
98563,Operator
98674,CappedMintableToken
98677,PlatformToken
98680,UpgradableToken
98685,GenbbyToken
98686,ERC20Basic
99022,ERC20WithApproveBase
99027,ERC20WithApprove
99078,FishbankBoosters
99079,FishbankChests
99080,FishbankUtils
99081,ERC721Auction
99242,HoloToken
99291,FundingInputGeneral
99301,MintableAndBurnableToken
99896,EtheeraToken
100190,DealsSupport
100479,ClaimableEx
100486,AddressSet
100490,BalanceSheet
100621,ModifiedWhitelistAdminRole
100836,UNIV2LPOracleFactory
100837,UNIV2LPOracle
101063,CardERC20Wrapper
101180,CallistoTokens
101188,DebtTokenDeployer
101214,MintableMultiownedToken
101218,SmartzToken
101290,VoxToken
101325,PassiveForwarder
101331,ExponentialNoError
101338,Redistributor
101732,GoCryptobotCoinERC20
101740,GoCryptobotCoinERC827
101981,BitplusToken
102039,FundRepository
102322,ServiceRegistry
102730,CardOwnership
102810,Deposit
102930,MenloToken
103021,AnythingAppToken
103205,MCDMonitorProxyV2
103505,ERC20MAMBA
103707,VoxPopuliToken
103753,Identity
103790,Random
103908,ChargesFee
104044,TOKENERC20
104248,OPUCoin
104574,MintableNFT
104624,Yomama
105129,TokenlessCrowdsale
105139,WhitelistedAICrowdsale
105144,FiatCappedCrowdsale
105154,RestrictedToken
105243,RespectingBitcoin
105396,ValueVaultMaster
105563,BZRxToken
106183,LSNFT
106193,CollectibleBase
106199,CollectibleMinting
106219,Verify
106370,DelayedPayments
106478,ParisCityToken
106543,BurnableByOwnerToken
106879,Hive
106991,DividendManager
107218,ExtendToken
107573,IstanbulCityToken
107623,CustomOwnable
107642,CappedTransfer
107646,TransferBase
107849,JiaoziToken
107904,NiftyBuilderInstance
108081,ReceiptToken
108151,AccountRegistryLogic
108241,ReferenceToken
108244,Functional
108327,BulDex
108348,ReserveEternalStorage
108498,ERC20StandardToken
108615,KYCBase
108617,CrowdsaleBase
108628,Reservation
108641,UacToken
108642,UbiatarPlayVault
108646,PresaleTokenVault
108650,UacCrowdsale
108799,DexBrokerage
108831,DINRegistry
108869,Randomable
108964,GAMJA777Token
109075,RevenueToken
109588,MonthlyTokenVesting
109663,Notes
109922,GVToken
110329,KyberGenesisToken
110560,DOCTToken
110655,Vault
110667,RewardedVault
110903,OwnableWithAdmin
111230,DarknodeRegistryStore
111242,DarknodeRegistry
111431,UpgradeabilityOwnerStorage
111531,DopeSwap
111620,VCBCrowdSale
111722,LogicManager
111745,AccountBaseLogic
112252,CrowdProposal
112283,Orchestrator
112299,RatingStore
112341,BentoToken
112489,VestedToken
113039,ERC20PresetFixedSupply
113216,ContractOwner
113266,DeCashRole
113353,EnsOwnerProxy
113355,SVIndexBackend
113366,SVPayments
113425,NutzEnabled
113429,Nutz
113435,MarketEnabled
113437,PowerEnabled
113470,GodzSwapGodzEtherCompliance
113586,GlobCoinToken
113624,AthensCityToken
113720,CanTransferRole
114135,Marcelo
114222,SafeDecimalMath
114233,Court
114247,Havven
114512,MiniMeTokenSimple
114612,ColorToken
114616,Pyramid
114658,WanToken
114706,CardPack
115128,Ledger
115134,Bankrollable
115348,Proxyable
115363,stackXfinance
115549,XCPlugin
115687,WhiteList
115994,Registry
116372,PolkabaseToken
116450,ViennaCityToken
116532,PermissionedToken
116556,WhitelistedToken
116562,CarbonDollar
116596,QuantorToken
117120,PaymentHolder
117123,EscrowConfig
117208,BaseGame
117328,GUniLPOracle
117406,Rates
117812,MatreXaToken
117949,EthealWhitelist
118423,ColuLocalCurrency
118425,EllipseMarketMaker
118428,CurrencyFactory
118452,BonusFinalizeAgent
118500,ADXLoyaltyPoolToken
118707,ChronosAccessControl
118868,NodeToken
119050,DelhiCityToken
119252,Memefund
119525,ERC721Upgradeable
119621,FixedSupplyToken
119759,ComissionList
119795,MakerRegistry
120155,TransactionTracker
120164,TransactionTrackable
120208,TokenMultiTimelock
120215,RevenueTokenManager
120220,TokenHolderRevenueFund
120240,ClientFund
120257,ClientFundable
120327,PartnerFund
120384,DriipSettlementState
120688,ReleaseableToken
120751,KiiAToken
120765,DaoOwnable
120860,PausableModule
120931,ODXToken
121084,ModToken
121237,EarnToken
121336,BCOExtendedToken
121484,KyberReserve
121526,PresalePack
121638,RenToken
121685,DarknodePaymentStore
121879,USDCToken
122158,PlutusToken
122565,InbestToken
122611,PropertyGroup
122896,Data
123242,LPTokenWrapper
123371,ERC721Enumerable_custom
123769,Reserve
124041,BancorQuickConverter
124275,AppicsToken
124376,Agreement
124378,NeumarkIssuanceCurve
124384,DailyAndSnapshotable
124389,TokenAllowance
124394,Snapshot
124399,BasicSnapshotToken
124408,MintableSnapshotToken
124411,StandardSnapshotToken
124412,Neumark
124511,DssVestMintable
124533,TAOController
124979,StakeableToken
124986,UTXOClaimValidation
124996,UTXORedeemableToken
125001,TransformableToken
125167,DatCoin
125474,Bitburn
125540,BurnableTokenImpl
125547,EncryptedSender
125561,Testable
125573,Voting
125592,ERC20Snapshot
125595,VotingToken
125799,JokerToken
125885,TokenDB
125972,LockRequestable
125974,CustodianUpgradeable
125978,ERC20ImplUpgradeable
125982,ERC20Proxy
125993,ERC20Impl
126008,ERC20Store
126013,PrintLimiter
126527,AssetProxy
126903,TAOCurrencyTreasury
127325,BuzFinancialStrategy
127417,SharesChainToken
127447,SgmToken
127637,Blacklistable
127835,PeculiumOld
127899,DWorldAccessControl
127900,DWorldDeed
128129,testnetERC20
128327,SydneyCityToken
128366,FIFSRegistrar
128676,RiyadhCityToken
129057,DssExec
129064,BitcoinusToken
129090,Wrapped_Ether
129323,MigrationSource
129364,TimeSource
129365,LockedAccount
129631,LimitedTransferBancorSmartToken
129636,SirinSmartToken
129645,SirinCrowdsale
129819,TomatoToken
130057,KeeperProxy
130714,AaveCollateralVault
130796,MarketGroup
130902,PersonalCrowdsaleProxy
130904,CrowdsaleProxy
130960,LockableWhitelisted
131131,SafeTransfer
131133,TokenWithdrawer
131307,ConversionRates
131316,FeeBurner
131406,StrikersBase
131410,StrikersMinting
131597,ERC23BasicToken
131964,InvestorList
131971,SecuritySale
132024,ExchangeCore
132057,WyvernExchange
132149,CheckpointingToken
132226,HyperShiba
132536,BCFAuction
132746,BONE
132768,BoringOwnable
132922,respectingBitcoin
132949,ERC20CompatibleToken
133014,XinfinUpgradeableToken
133078,BlackListETH
133156,PotusToken
133157,ElectedPotus
133399,PolicySet
133401,PolicyFactory
133404,WithdrawStorage
133411,Withdraw
133412,AllocatorStorage
133780,DEX
133812,PayFairToken
133875,EuroToken
133906,BancorFormula
133908,BIOPTokenV3
135397,OSWTOKEN
135485,AppCoins
135504,StarCoin
135676,MetropolMintableToken
135679,MintableControlledToken
135681,BurnableControlledToken
135682,MetropolMultiownedControlled
135685,CirculatingControlledToken
135686,MetropolToken
135991,PoolGetters
136154,TimeLockedToken
136319,Endless
136382,TakeProfitToken
136501,StarbaseEarlyPurchase
136508,StarbaseEarlyPurchaseAmendment
136625,OracleIDDescriptions
136768,DataCentre
136813,PresalePackFour
136839,HYIP_Dapp_pool
136889,CompoundPool
137174,UloxToken
137437,ALT1Token
137467,RESTOToken
137547,TehranCityToken
137773,INonStandardERC20
138074,ERC721I
138374,MNTP
138380,GoldmintUnsold
138383,FoundersVesting
138423,BitberrySwap
138425,Pool
138444,TotleControl
138451,ExchangeHandler
138464,ProvideLiquidity
139197,AdExCore
139401,FornicoinToken
139878,KyberContirbutorWhitelist
140000,InitializableERC20Detailed
140004,InitializableToken
140069,ParentToken
140218,HEXStakeInstance
140285,GStarToken
140398,YouCollectBase
140642,GemJoin
140822,EthPyramid
141027,TokenLogic
141283,DRIVRNetworkToken
141527,VoteCounterStorage
141772,BuenosairesCityToken
142182,SingaporeCityToken
142297,GToken
142452,TOC
142538,Share
142550,LeviusDAO
142620,Lamden
142649,AGREToken
142771,PetBase
142775,PetOwnership
142821,KeeperBase
143191,lexDAOPersonalToken
143193,ERC20Interface
143622,CATContract
143784,Time
143797,CosquareToken
143853,ARBITRAGEToken
144019,MasterChef
144118,BitGuildAccessAdmin
144377,BitGuildToken
144443,GotToken
144819,ERC20MintableToken
145496,DestroyableMultiOwner
145541,UmbrellaCoin
145720,SomaIco
145833,AdminVault
145837,DFSRegistry
145881,Basket
145882,Proposal
145885,WeightProposal
145886,SwapProposal
145888,Manager
146097,ERC721Mintable
146100,FreezerAuthority
146382,IRBToken
146688,BatchDeposit
147240,evxModerated
147244,evxPausable
147246,evxModeratedToken
147283,DeCashStorage
147308,HasOwner
147417,PKT
147862,LendingPoolLiquidationManager
148345,EtheramaGasPriceLimit
148346,EtheramaCore
148489,ERC20BurnableMaxSupply
148511,BooBankerResearchAssociation
148989,Ico
149433,TRNData
149598,Bitcoin
149737,RTEToken
149915,RealityCheck
149955,GigERC20
149957,GigToken
149965,PeriodicTokenVesting
149987,BurnupHoldingAccessControl
149990,BurnupHoldingReferral
149992,BurnupHoldingCore
150117,TokensCappedCrowdsale
150122,BonusCrowdsale
150292,BErc20
150482,MintAndBurnToken
150510,OwnableToken
150976,MintedEthCappedCrowdsale
151462,Mortal
151601,onlyOwner
151742,PATH
151749,StandardCrowdsale
151757,BurnableCrowdsale
151758,RateConfigurable
151759,ReallocatableCrowdsale
151825,Version
151830,Asset
151836,Shares
151840,RestrictedShares
151983,EtherPornStars
151996,ESM
152157,Admined
152198,VISTAcoin
152376,ABL
152471,LibraToken
152637,PacioToken
152686,TransferableByOwner
153129,MB
153187,TRMToken
153311,PolicyPalNetworkToken
153317,Ethernational
153426,TWAPBound
153438,VaultOwned
153483,FreezeTokenCrowdsale
153537,VoteTimes
153540,LockupStorage
153556,MetricsGroup
153817,CommonBsToken
153864,WbcToken
154141,Upgradable
154437,NEST_3_OfferData
154441,NEST_3_OfferContract
154442,NEST_2_OfferPrice
154648,PermanentTeamVesting
154730,Timelocker
154834,VANMToken
155141,WrappedDai
155166,Coinage
155364,DigitalaxAccessControls
155813,IOVTokenBase
155824,XcertUpdateProxy
155941,SenatorWarren
156082,EarningPool
156493,MultiSig
156733,EyeToken
156903,ENJToken
157206,PublicSale
157439,Frozen
157555,MintableMasterToken
157813,Memberships
157935,FoboERC20
157959,JincorToken
157983,ExtensionToken
158017,SyscoinSuperblocks
158144,TaylorTokenTGE
158258,RoseCoin
158314,IndexStaking2
158347,MadridCityToken
158433,RegistryBase
158436,App
158437,AppRegistry
158439,Dataset
158440,DatasetRegistry
158442,Workerpool
158443,WorkerpoolRegistry
158445,CategoryManager
158452,SignatureVerifier
158454,IexecClerk
158467,IexecHub
159013,TokenEscrowMarketplace
159029,AttestationLogic
159114,Bartender
159508,TransferAuthorizations
159633,CaracasCityToken
159647,StrayToken
159891,BasicCrowdsale
160084,HOSTToken
160130,E2D
160210,LOOT
160278,zcdwERC202
160299,HypeRideToken
160418,STO
160423,CappedSTO
160689,ShardOffering
160711,NonkiToken
160889,GoldFees
160890,GoldBackedToken
161145,SuperToken
161250,ExternStateProxyFeeToken
161261,EtherNomin
161291,ExternStateProxyToken
161296,HavvenEscrow
161373,LuckchemyToken
161462,Market
161484,SaleMarket
161524,FundingVault
161631,SignalsToken
161733,PlayerWonCoin
161968,IprontoToken
162757,CommunicationCreatesValueToken
162781,REDToken
162952,GunToken
162953,MessageToken
163259,PresalePool
163352,BTSPToken
163353,PreBOUToken
163467,UP1KToken
164113,LendingPoolCore
164200,LendingPool
165517,FuelToken
165885,Freezable
166046,UniversalScheme
166106,Moloch
166201,DWorldBase
166226,DWorldRenting
166250,RentAuction
166309,DividendCheckpoint
167106,LondonCityToken
167325,EtheremonTradeData
167386,SaverExchangeCore
167594,LGEWhitelisted
168213,Latium
168457,ParameterStore
168467,Gatekeeper
168700,ERC20Extending
168702,SportStarToken
168755,NectarToken
168759,ERC20BasicToken
169073,InterCrypto
169110,BaseAdvertisementStorage
169129,ExtendedAdvertisementStorage
169133,BaseAdvertisement
169149,Signature
169151,BaseFinance
169159,ExtendedFinance
169398,ExampleOracleSimple
169399,BASEDOracle
169425,SafeOwnable
169449,BancorConverter
169610,TBCoin
169734,StandardMintableToken
170631,MiraqleDefi
170637,AcreSale
170672,ContractTokenERC20
170767,Fox
170833,CompoundSafetyRatio
170875,QuantstampToken
170977,OwnableOZ
170982,AppHub
171010,Butcher
171138,AssetWithWhitelist
171202,GoTokenDutchAuction
171293,RequiringAuthorization
171299,ChargingGas
171302,CasinoBank
171317,EdgelessCasino
171701,Lottery
171993,NullSettlementState
172167,VoteCounter
172177,Allocator
172352,Governance
172431,InitializableOwnable
172596,SEEDDEX
172713,PlayToken
172954,GlobalConfig
173312,DungeonToken
173322,HeroToken
173330,DungeonTraining
173664,SimpleFlyDropToken
173677,LynchpinToken
174574,System
174581,HardcodedWallets
174588,Tokens
174671,LendroidSupportToken
174682,HoQuToken
174683,ClaimableCrowdsale
174737,BsToken
174807,PPTokenControllerFactory
174848,PPToken
175063,DeconetToken
175430,ZethrShell
175788,GoldmintPool
175945,SaopauloCityToken
176009,Coin
176093,ABXToken
176262,PublishInterfaces
176775,Frozenable
176797,RegulatorService
176805,RegulatedToken
176810,RegulatedTokenERC1404
176953,PriceConsumerV3
177053,MeritToken
177076,BackedToken
177194,BoomYswap
177236,SignatureDecoder
177509,SBIToken
177663,AmberToken
177754,RelayRecipient
177966,HolderTVLLock
177971,HolderVesting
178036,AcjToken
178135,Gr1m
178386,VernamCrowdSale
178568,Trabet_Coin
178590,Invest
178708,DOP
178866,KimchiToken
179038,RegaUtils
179042,SaiLPC
179117,Base64
179241,PGOMonthlyInternalVault
179247,TTC
179347,RC
179389,TkoWhitelist
179734,ReferralPayStation
179812,Role
179839,Delegable
179843,ERC20Like
179915,Vat
180138,Farm
180291,ERC20CappedMintable
180293,ERC20Releasable
180562,IPCOToken
180603,HEStandardToken
180649,DssVestSuckable
180800,Bitcub
180917,EmcoToken
180970,WhiteListHelper
180981,AccessControlLight
180989,GoldERC20
181143,PGOMonthlyPresaleVault
181203,MooncakeToken
181232,PHTR
181348,ImmutableToken
181492,BinaryOption
181506,NamiExchange
181728,TestTokenA
181770,DatasetHub
182055,Transfer
182061,ExternalCall
182347,ERC20SwappableInput
182350,ERC20SwappableOutput
182451,ERC721SlimToken
182655,CToken
182953,ChainmonstersCoreV2
183368,OpportyPresale
183667,IGTToken
183675,depositofferToken
183796,TimeLockedController
183843,MinerOneToken
183852,Autonomy
183860,DRCWalletMgrParams
183887,PynToken
183893,IUSDCPoolBase
184055,LnSimpleStakingExtension
184341,NewYorkCityToken
184382,TorontoCityToken
184469,Lambo
184621,CaData
184708,TotlePrimary
184780,TokenSale
184840,SHIBARMY
184918,Standard223Token
185401,Ethrim
185410,PausableOnce
185826,WtronERC20
186944,VLBToken
186947,VLBRefundVault
187223,stinkyCOCO
187270,Access
187272,Controllers
187343,Basic
188048,HasDailyLimit
188261,ERC20Coin
189035,BTC20Token
189106,ProtocolGovernance
189108,MasterDill
189113,GaugeProxy
189128,DeCashProxy
189354,AtomicUtils
189414,CentaurStakingV1
189802,ZodiaqToken
189878,yVault
189903,SolarDaoToken
190313,AssetAdapter
190314,AssetAdapterWithFees
190315,RampInstantEscrows
191008,DistributionToken
191237,RigelToken
191384,GVOptionToken
191387,GVOptionProgram
191574,Schedule
191788,Unipool
191965,ZethrDividendCards
191999,ProofPresaleToken
192066,PoolStakeFactory
192529,WhiskeyToken
192531,MoldCoin
192710,PallyCoin
192905,AccountFactory
193411,FarmCoin
193561,RevocableToken
193562,RewardsToken
193563,RewardsMinter
193570,Deco
193731,LightFundsRegistry
193769,Carcoinmarket
193892,Donut
193963,Agricoin
194050,OysterBar
194107,ERC721WithSameTokenURIForAllTokens
194133,DigitalaxPodeNFT
194147,ConfirmedOwner
194202,KryptoroToken
194203,DreamTokensVesting
194442,IToken
194512,CrowdProposalFactory
194570,MetricsFactory
194596,Lockup
194651,T8EXToken
194733,Owners
194739,REIDAOMintableToken
194793,AirSaveTravelTokens
194870,TokenWithApproveAndCallMethod
195017,ERC20AdToken
195078,CardPackTwo
195081,PresalePackTwo
195352,CJToken
195390,HEXStakeInstanceManager
195437,SencToken
195791,CryptoSagaCorrectedHeroStats
196368,MultiCertifier
196382,HProxy
196414,IssuableToken
196464,BreezeCoin
196468,Digifit
196897,TeuToken
196968,EthbetToken
197162,IcoContract
197290,ERC20WithPermit
197295,BearnTokenERC20
197317,CertificateController
197321,ERC1400Raw
197344,ERC1400Partition
197367,ERC1400
197383,ERC1400ERC20
197464,Vesting
197490,MBDAAsset
197513,MBDAWallet
197524,MBDAManager
197792,BNum
197876,Orderbook
197893,RenExBrokerVerifier
197936,ADXToken
197991,ERC223
198084,LifeBankerCoin
198177,WIN
198209,NFT
198365,dexBlueReserve
198387,ownerShip
198453,RealitioERC20
198526,EnchantedShop
198610,CompliantToken
198858,FlatPricingExt
198897,OrigamiToken
198998,AdminManager
199186,pausable
199353,LimitedSetup
199687,YEARNGLOBAL
199854,DirectCryptToken
199911,DeckCoin
200008,FarmingRewards
200394,GoE20Transactions
200601,MultiSigWalletWithDailyLimit
200614,RPTToken
201038,ClaimToken
201045,SimpleWriteAccessController
201050,SimpleReadAccessController
201268,TimelockerV2
201453,ERNeeToken
201606,Auth
201614,AirdropList
201662,Moderated
201663,LEON
202080,StrategyStorage
202336,BlackListableToken
202359,ERC20Operator
202361,ERC20CapEnabler
202365,ERC20BurnableAdmin
202376,ERC20AccessList
202385,ControlledToken
202421,DSProxy
202424,DSProxyFactory
202448,TsunamiToken
202637,MarketplaceAccessor
202638,WorkOrder
202659,WorkerPool
202663,WorkerPoolHub
202728,ECTToken
203262,GoBrrrToken
203523,PXLProperty
203640,CountdownGriefing
203921,Forwarder
203927,GnosisSafeProxy
203982,UpgradeBeaconProxyV1
203999,AuthereumProxy
204121,DailyCoinToken
204133,Timer
204139,MultiSigStub
204147,MultiSigTokenWallet
204332,BARTToken
204334,KeyRingUpgradeBeaconProxyV1
204348,ERC865Token
204363,TipToken
204428,TerraformReserve
204483,CommonTokensale
204518,SecuredTokenTransfer
204599,Administered
204633,XPAAssetToken
204662,Unifty
204789,GeneralTransferManager
204806,SingularDTVLaunch
204848,SingularDTVToken
205087,SecurityTokenProxy
205137,EVMScriptRunner
205265,VestingFund
205294,PLGToken
205526,LibOwnable
205780,DepositContract
205827,evxOwnable
206258,SecurityToken
206317,VariableRateTokenVesting
206646,Fork
207301,BasicERC20token
207412,GenericAsset
207544,PEther
207786,ReentrancyGuard
208250,MtnToken
208423,CryptoTakeoversToken
208768,CAToken
208881,BerlinCityToken
208882,MerkleMine
208929,YDVErrorReporter
208931,NoMintLiquidityRewardPools
209078,CompoundMonitor
209256,CritVault
209259,Referrals
209286,BonePaymentToken
209379,EscrowAccountCrowdsale
209382,EscrowVault
209730,OfferToken
209791,KinguinIco
210080,CBCToken
210083,MainSale
210094,InsuranceFund
210100,SmartContractBank
210136,HarborToken
210146,WalletSimple
210214,DesignatedVoting
210258,AlchemyBase
210261,AlchemyPatent
210265,AlchemyMarket
210411,NFTWrap
210519,SignkeysBonusProgram
210618,EthearnalRepTokenCrowdsale
210633,RefundInvestorsBallot
210634,Treasury
211010,BrickCrowdsale
211032,ReMintableToken
211299,ERC20Vanilla
211396,Rover
211416,FarmingRover
211417,BasedGod
211458,HanoiCityToken
211605,BeaconProxy
211869,SMOOT
212057,DividendTokenERC667
212065,NSERC667
212066,NotesharesToken
212151,Carbon
212388,TransferStorage
212489,CommonWallet
213094,PotHelper
213208,Graceful
213311,MtnCrowdsale
213334,FarmController
213335,LPFarm
213427,ActivityCore
213602,ERC721DutchAuction
213715,ERC23Contract
213752,NaviCoin
213783,ServiceRegistryConfigurableParameters
213792,Lock
213898,TKRPToken
213925,VeTokenizedAsset
213979,LockinManager
214017,MerkleTreeWithHistory
214027,RCpro
214101,TradingBot
214128,MoondustToken
214608,CryptoFamousOwnership
214612,CryptoFamousStorage
214648,MixinWrapperFunctions
214663,MixinTransactions
214666,MixinMatchOrders
214734,WhiskyToken
214861,HodlerERC20
215077,AbstractPaymentEscrow
215079,SingularDTVFund
215523,Delegation
215575,Clipper
215631,MemberDripDrop
215676,ArgentENSManager
215691,WalletFactory
215762,HoldSaleContract
215785,LendingPair
215939,CSToken
215993,DimsumToken
216178,HumanToken
216262,GovernorAlpha
216359,DARFtoken
216422,CDPerFactory
216451,FixedPointMath
216460,UniswapV2OracleLibrary
216462,UniswapV2Library
216514,DragonUtils
216654,WarsawCityToken
216772,KYC
217059,BeeToken
217212,LoggingErrors
217213,WalletConnector
217327,BBSReferral
217330,BBSPoolV2
217433,HolderBase
217436,Locker
217511,daylimit
217562,MirrorProxy
217579,SkinMix
217589,SkinMarket
217866,BSEToken
218391,ERC20Pistachio
218438,ExternStateToken
218445,FeeToken
218479,Nomin
218699,TokenPool
218849,VmembersCoin
219034,IcsToken
219185,ECRecovery
219314,HUMToken
219422,UserStore
219484,OwnableOperatorRole
219565,StockLiquiditator
219648,BMath
219655,BPool
219873,MagnusCoin
219950,PiggyToken
220533,PooledCDAI
220537,PooledCDAIKyberExtension
220541,DappRegistry
220767,ReentryProtection
221064,BuyLimits
221077,CustomToken
221088,Identify
221285,CompetitionCompliance
221290,CanonicalRegistrar
221297,SimplePriceFeed
221303,StakingPriceFeed
221306,OperatorStaking
221311,CanonicalPriceFeed
221971,CloudToken
222269,ArbitrableAddressList
222744,ForestPlus
222786,DNTXToken
223219,DetailedToken
223393,SignatureUtil
223423,RomeCityToken
223496,HopeNonTradable
223612,Distense
223767,MyPizzaPieToken
223781,WETH9
223792,ERC777ERC20BaseToken
223851,QIUToken
223941,Fund
224042,FrozenToken
224092,LetsBreakThings
224116,BBFarm
224126,SVIndex
224235,HashcoCoin
224289,PictosisToken
224476,CompliantCrowdsale
224691,PersonalERC20
224804,BiscuitToken
225339,BTTSToken
225369,Advertisement
225464,MerkleDistributor
225472,MerkleDistributorFactory
225584,CryptoTeam
225669,LemonToken
225942,escaped
226029,HuoguoToken
226428,SimpleFlopper
226626,USDO
226644,ChronosBase
227508,GenesisToken
227845,SPACEX
227883,Cloudbric
227922,OracleContractAdapter
227936,Profiterole
227947,Storage
228036,AddressWhitelist
228060,TrumpToken
228825,StandardMintableBurnableToken
228996,FundAndDistribute
229090,ThorMutualToken
229091,PLCRVoting
229118,Parameterizer
229297,StairstepExponentialDecrease
229354,ADXRegistry
229643,JACSToken
229756,EnergyToken
230065,Contribution
230161,MyDFSToken
230269,Killable
230381,DaonomicCrowdsale
230463,abcToken
230541,ConvertLib
230785,UnFederalReserveToken
230876,OneledgerToken
230879,OneledgerTokenVesting
231123,DexnesToken
231392,WALLETToken
231409,PaymentAddressFactory
231444,UnilotToken
231452,ExternalCurrencyPrice
231565,DecoBaseProjectsMarketplace
231568,DecoEscrow
231584,DecoEscrowFactory
231587,DecoProjects
231612,DecoMilestones
231629,DecoProxy
231638,DecoProxyFactory
231722,SHIBASWAP
231879,DarknodeRewardVault
231926,SuccinctWhitelist
231961,OwnedByContract
232085,Debt
232129,StrategyCompLev
232212,PreSaleRealm
232214,PreSaleCastle
232216,PreSaleGuardian
232395,RBACMintableToken
232507,Mainsale
232945,OfferStore
232958,Fees
233023,beijingtoken
233053,KyberNetworkCrystal
233140,GoldIssueBurnFee
233438,NoboToken
233679,VLTToken
234092,LinearDecrease
234098,ExponentialDecrease
234391,ZethrBankrollBridge
234437,MintBurnableToken
234478,WETH10
234628,Nonpayable
234814,FDT_ERC20Extension_LTD
235016,RegulatorProxy
235136,Whitelisting
235194,HRAToken
235228,YieldToken
235529,LandBase
235611,StrategyCusd
235806,TWAPBoundLib
235808,Swapper
235985,OpsCoin
235999,Verifier
236148,OMIToken
236404,ModulumInvestorsWhitelist
236495,PizzaToken
236655,Midas
236866,RBACOperator
237002,FeeWallet
237127,zcdwERC20
237181,StandardERC20
237460,BnsdToken
237490,DependentOnIPFS
237812,Investors
237861,Eticket4Token
237953,textERC20
238294,REIDAOMintableLockableToken
238302,REIDAOBurnableToken
238305,REIDAOMintableBurnableLockableToken
238446,LumosToken
238624,PauserRole
238626,VerifiedAccount
238629,GrantorRole
238631,ERC20Vestable
238645,UniformTokenGrantor
239040,TokenMigration
239520,TimberCoin
239597,SpendableWallet
239598,SpendableWalletFactory
239789,TurboClerk
239794,TurboBooster
239800,TurboMaster
239809,TurboSafe
240107,CoreFinanceBit
240174,SoyToken
240459,MDAPPToken
240523,StableV2
240676,VestedPayment
240679,LifMarketValidationMechanism
240691,LifCrowdsale
240861,ERC1155MixedFungible
241401,AMOCoin
241641,BullYear
241908,GovernanceExecutor
241916,GSNBouncerBase
241931,GSNContext
242013,JWCToken
242017,Bonus
242023,Affiliate
242292,LnProxyBase
242407,FujiToken
242490,MigrationAgent
243124,SimpleGriefing
243390,AuctionBase
243401,Auction
243616,MexicoCityToken
243712,CloneFactory
243911,AnalyticProxy
243977,TRND
244199,GeneralizedTCR
244519,StarShip
244531,OceanTokenTransferManager
244538,KOLVote
244686,SingleLockingContract
244849,ERC20Standard
244861,ApolloSeptemCappedCrowdsale
245281,BalanceManager
245304,RenExSettlement
245446,ERC223ReceivingContract
245447,UnityToken
245527,GenericMiner
245548,Fee
245598,ZurichCityToken
245617,ERC1155Mintable
245644,OokiToken
245671,BaseERC20
245766,DEFIBaseToken
246100,BluzelleToken
246154,DAOPlayMarketToken
246326,ERC20Base
246344,GTTokenFactory
246359,GlobalBusinessSystemToken
246384,WPTokensBaskets
246533,GeneratorCopyright
246549,FaaSRewardFund
246812,TokenControl
246830,AVOCADO
246972,FDT_ERC20Extension_MULTI
247079,CelebrityToken
247121,BitScreenerToken
247149,LegalToken
247571,CrowdsaleWPTByRounds
247881,RNTMultiSigWallet
248076,CountTransferManager
248372,EIP820Registry
248384,Mintable821
248498,MITx_Token
248638,OlyToken
